{
    "tags": {
        "allowUnknownTags": true
    },
    "source": {
        "include": [
            "lib/",
            "./README.md"
        ]
    },
    "opts": {
        "encoding": "utf8",
        "template": "node_modules/contentful-sdk-jsdoc/jsdoc-template",
        "destination": "out/",
        "recurse": true,
        "verbose": true
    },
    "templates": {
        "cleverLinks": false,
        "monospaceLinks": false,
        "default": {
            "outputSourceFiles": true,
            "includeDate": false
        }
    },
    "docdash": {
        "static": false,
        "sort": true
    }
}
